<?xml version="1.0" encoding="utf-8"?>
<eml:eml xmlns:eml="eml://ecoinformatics.org/eml-2.1.1" xmlns:xsi="http://www.w3.org/2001/XMLSchema-instance"
         xsi:schemaLocation="eml://ecoinformatics.org/eml-2.1.1 http://rs.gbif.org/schema/eml-gbif-profile/1.1/eml.xsd"
        packageId="68a0650f-96ae-499c-8b2a-a4f92c01e4b3"  system="http://gbif.org" scope="system"
  xml:lang="en">

<dataset>
      <alternateIdentifier>10.15468/zctaps</alternateIdentifier>
        <alternateIdentifier>https://data.gbif.no/ipt/resource?r=o_bryophytes</alternateIdentifier>
        <alternateIdentifier>http://data.gbif.no/ipt/resource?r=o_bryophytes</alternateIdentifier>
        <alternateIdentifier>http://dev.gbif.no/ipt/resource?r=o_bryophytes</alternateIdentifier>
        <alternateIdentifier>http://gbif.no/ipt/resource?r=o_bryophytes</alternateIdentifier>
        <alternateIdentifier>68a0650f-96ae-499c-8b2a-a4f92c01e4b3</alternateIdentifier>
        <alternateIdentifier>1068</alternateIdentifier>
    <title>Bryophyte Herbarium, Oslo (O-B)</title>
    <creator>
<organizationName>Natural History Museum, University of Oslo</organizationName>    <address>
<city>Oslo</city><country>NORWAY</country>    </address>
<onlineUrl>https://www.nhm.uio.no</onlineUrl>    </creator>
    <metadataProvider>
<organizationName>GBIF Norway</organizationName>    <address>
<city>Oslo</city><country>NORWAY</country>    </address>
<electronicMailAddress>helpdesk@gbif.no</electronicMailAddress><onlineUrl>https://www.gbif.no</onlineUrl>    </metadataProvider>
    <associatedParty>
<organizationName>GBIF Norway</organizationName>    <address>
<city>Oslo</city><country>NORWAY</country>    </address>
<electronicMailAddress>helpdesk@gbif.no</electronicMailAddress><onlineUrl>https://www.gbif.no</onlineUrl>    <role>USER</role>
    </associatedParty>
    <associatedParty>
    <individualName>
<givenName>Rune</givenName>          <surName>Halvorsen</surName>
    </individualName>
<organizationName>Natural History Museum, University of Oslo</organizationName><positionName>Professor</positionName>    <address>
<deliveryPoint>Sars gate 1</deliveryPoint><city>Oslo</city><postalCode>0318</postalCode><country>NORWAY</country>    </address>
<electronicMailAddress>rune.halvorsen@nhm.uio.no</electronicMailAddress><onlineUrl>https://www.nhm.uio.no/english/about/organization/research-collections/people/runeho/</onlineUrl>      <userId directory="http://orcid.org/">0000-0002-6859-7726</userId>
    <role>CURATOR</role>
    </associatedParty>
    <associatedParty>
    <individualName>
<givenName>Siri</givenName>          <surName>Rui</surName>
    </individualName>
<organizationName>Natural History Museum, University of Oslo</organizationName><positionName>Head engineer</positionName>    <address>
<deliveryPoint>Sars gate 1</deliveryPoint><city>Oslo</city><postalCode>0318</postalCode><country>NORWAY</country>    </address>
<electronicMailAddress>siri.rui@nhm.uio.no</electronicMailAddress><onlineUrl>https://www.nhm.uio.no/english/about/organization/technical-scientific-conservation/people/sirir/</onlineUrl>    <role>CONTENT_PROVIDER</role>
    </associatedParty>
    <associatedParty>
    <individualName>
<givenName>Anne</givenName>          <surName>Molia</surName>
    </individualName>
<organizationName>Natural History Museum, University of Oslo</organizationName><positionName>Head engineer</positionName>    <address>
<deliveryPoint>Sars gate 1</deliveryPoint><city>Oslo</city><postalCode>0318</postalCode><country>NORWAY</country>    </address>
<electronicMailAddress>anne.molia@nhm.uio.no</electronicMailAddress><onlineUrl>https://www.nhm.uio.no/english/about/organization/technical-scientific-conservation/people/amolia/index.html</onlineUrl>    <role>CONTENT_PROVIDER</role>
    </associatedParty>
      <pubDate>
      2018-11-25
      </pubDate>
    <language>ENGLISH</language>
    <abstract>
        <para>&lt;p&gt;Bryophytes at the Natural History Museum, University of Oslo.&lt;/p&gt;
&lt;p&gt;The bryophyte herbarium at the Botanical Museum, the University of Oslo, comprises a Norwegian herbarium (ca. 150,000 specimens, of which ca. 100,000 mosses, ca. 15,000 peat mosses and ca. 35,000 hepatics), a general herbarium (ca. 75,000), a type herbarium with ca. 100 types and a collection of older exsiccata (ca. 5,000 specimens).&lt;/p&gt;
&lt;p&gt;The herbarium contains important material among others from Norway, the Arctic, Macaronesia and Tristan da Cunha. Important collectors are Matthias Numsen Blytt (1789-1862), Søren Christian Sommerfelt (1794-1838), Christian Kaurin (1831-1898), Frantz Caspar Kiær (1835-1893), Nils Gregers Ingvald Wulfsberg (1847-1888), Elling Ryan (1849-1905), Baard Bastian Larsen Kaalaas (1851-1917), Ingebrigt Severin Hagen (1852-1917; in part), Nils Bryhn (1854-1916; in part), Eugen Honoratius Jørgensen (1862-1938; in part), Johannes Lid (1886-1971) and Per Størmer (1907-1991).&lt;/p&gt;
&lt;p&gt;Buildup of a herbarium database was started in 1997, and is still at an early stage with ca. 3.200 specimens recorded by January 2001. As part of this work, a register of accepted names for Norwegian bryophytes has been made (1066 species in 260 genera; of which 747 species of mosses, 47 peat mosses, 270 hepatics and 2 hornworts), with all known synonyms used on specimens in the Norwegian herbarium (almost 9000 names together). Norwegian names for mosses (about 1100 names) are now also included in the register.We take part in updating a checklist of Norwegian bryophytes (most recent edition: Frisvoll, A.A., Elvebakk, A., Flatberg, K.I. &amp;amp; Økland, R.H. 1995. Sjekkliste over norske moser. - Norsk Institutt for Naturforskning (NINA) Temahefte 4: 1-104.)&lt;/p&gt;</para>
    </abstract>
        <keywordSet>
              <keyword>Occurrence</keyword>
              <keywordThesaurus>GBIF Dataset Type Vocabulary: http://rs.gbif.org/vocabulary/gbif/dataset_type.xml</keywordThesaurus>
        </keywordSet>
      <intellectualRights>
        <para>This work is licensed under a <ulink url="http://creativecommons.org/licenses/by/4.0/legalcode"><citetitle>Creative Commons Attribution (CC-BY) 4.0 License</citetitle></ulink>.</para>
      </intellectualRights>
      <distribution scope="document">
          <online>
              <url function="information">https://www.nhm.uio.no/forskning/samlinger/botanikk/mose/</url>
          </online>
      </distribution>
      <coverage>
            <geographicCoverage>
                  <geographicDescription>Norway</geographicDescription>
                  <boundingCoordinates>
                      <westBoundingCoordinate>0</westBoundingCoordinate>
                      <eastBoundingCoordinate>36</eastBoundingCoordinate>
                      <northBoundingCoordinate>72</northBoundingCoordinate>
                      <southBoundingCoordinate>56</southBoundingCoordinate>
                  </boundingCoordinates>
            </geographicCoverage>
      </coverage>
      <maintenance>
          <description>
              <para></para>
          </description>
          <maintenanceUpdateFrequency>daily</maintenanceUpdateFrequency>
      </maintenance>
      <contact>
    <individualName>
<givenName>Rune</givenName>          <surName>Halvorsen</surName>
    </individualName>
<organizationName>Natural History Museum, University of Oslo</organizationName><positionName>Professor</positionName>    <address>
<deliveryPoint>Sars gate 1</deliveryPoint><city>Oslo</city><postalCode>0318</postalCode><country>NORWAY</country>    </address>
<electronicMailAddress>rune.halvorsen@nhm.uio.no</electronicMailAddress><onlineUrl>https://www.nhm.uio.no/english/about/organization/research-collections/people/runeho/</onlineUrl>      <userId directory="http://orcid.org/">0000-0002-6859-7726</userId>
      </contact>

</dataset>

<additionalMetadata>
    <metadata>
      <gbif>
        <dateStamp>2018-11-26T10:43:59Z</dateStamp>
      <citation>Natural History Museum, University of Oslo (2018). Bryophyte Herbarium, Oslo (O-B). Version 1.665. Occurrence dataset https://doi.org/10.15468/zctaps accessed via GBIF.org on 2018-11-26.</citation>
              <physical>
                  <objectName>The Bryophyte Herbarium</objectName>
                  <characterEncoding>UTF-8</characterEncoding>
                  <dataFormat>
                      <externallyDefinedFormat>
                          <formatName>Database portal</formatName>
                      </externallyDefinedFormat>
                  </dataFormat>
                  <distribution>
                      <online>
                          <url function="download">http://nhm2.uio.no/botanisk/mose/</url>
                      </online>
                  </distribution>
              </physical>
              <collection>
                <parentCollectionIdentifier>O</parentCollectionIdentifier>
                <collectionIdentifier>B</collectionIdentifier>
                <collectionName>Bryophyte Herbarium</collectionName>
              </collection>
        </gbif>
    </metadata>
</additionalMetadata>

</eml:eml>
